INSERT INTO Employee 
VALUES ('079345678', 'F', '2022-01-01', 'Huong', 'Vu Quynh', 52000, '2002-01-01');
INSERT INTO Employee 
VALUES('079456789', 'M', '2022-01-02', 'Loc', 'Tuan Ly', 55000, '2001-01-01');
INSERT INTO Employee 
VALUES('079567890', 'F', '2022-01-03', 'Nga', 'Huynh', 52000, '2000-01-01');
INSERT INTO Employee 
VALUES('070678901', 'M', '2022-01-04', 'Thinh', 'Phuong Xuong', 52000, '1999-01-01');
INSERT INTO Employee 
VALUES('081234567', 'M', '2022-01-10', 'Minh', 'Nguyen Thanh', 39000, '1993-01-01');
INSERT INTO Employee 
VALUES('056789012', 'M', '2022-01-05', 'Trung', 'Tran Quoc', 34000, '1998-01-01');
INSERT INTO Employee 
VALUES('067890123', 'M', '2022-01-06', 'Hieu', 'Tran Quoc', 33000, '1998-01-01');
INSERT INTO Employee 
VALUES('078901234', 'F', '2022-01-07', 'Thuong', 'Nguyen Ngoc Song', 36000, '1996-01-01');
INSERT INTO Employee 
VALUES('089012345', 'F', '2022-01-08', 'Phuong', 'Huynh Lan', 37000, '1995-01-01');
INSERT INTO Employee 
VALUES('090123456', 'M', '2022-01-09', 'Hoang', 'Huynh Van Anh', 38000, '1994-01-01');
INSERT INTO Employee 
VALUES('012345688', 'M', '2022-01-11', 'Thanh', 'Nguyen Huu', 40000, '1992-01-01');
INSERT INTO Employee 
VALUES('023456789', 'M', '2022-01-12', 'Tam', 'Nguyen Duc', 31000, '1991-01-01');
INSERT INTO Employee 
VALUES('074567890', 'M', '2022-01-13', 'Khang', 'Truong Minh', 32000, '1990-01-01');
INSERT INTO Employee 
VALUES('075678901', 'M', '2022-01-14', 'Phat', 'Thai Quang', 33000, '1989-01-01');
INSERT INTO Employee 
VALUES('076789012', 'F', '2022-01-15', 'Nhi', 'Phan Tran Y', 34000, '1988-01-01');
INSERT INTO Employee 
VALUES('077890123', 'F', '2022-01-16', 'Uyen', 'Nguyen Ngoc Nha', 35000, '1987-01-01');
INSERT INTO Employee 
VALUES('078901734', 'M', '2022-01-17', 'Phu', 'Nguyen Quang', 36000, '1986-01-01');
INSERT INTO Employee 
VALUES('019012345', 'M', '2022-01-18', 'Khoa', 'Nguyen Ngoc Dinh', 37000, '1985-01-01');
INSERT INTO Employee 
VALUES('070123456', 'M', '2022-01-19', 'Khoi', 'Nguyen Ngoc', 38000, '1984-01-01');
INSERT INTO Employee 
VALUES('071234567', 'M', '2022-01-20', 'Khoa', 'Nguyen Anh', 36000, '1983-01-01');



INSERT INTO Employee_Phone_number VALUES ('079345678', '0123456789');
INSERT INTO Employee_Phone_number VALUES ('079456789', '0123456788');
INSERT INTO Employee_Phone_number VALUES ('079567890', '0123456787');
INSERT INTO Employee_Phone_number VALUES ('070678901', '0123456786');
INSERT INTO Employee_Phone_number VALUES ('081234567', '0123456785');
INSERT INTO Employee_Phone_number VALUES ('056789012', '0123456784');
INSERT INTO Employee_Phone_number VALUES ('067890123', '0123456783');
INSERT INTO Employee_Phone_number VALUES ('078901234', '0123456782');
INSERT INTO Employee_Phone_number VALUES ('089012345', '0123456781');
INSERT INTO Employee_Phone_number VALUES ('090123456', '0123456780');
INSERT INTO Employee_Phone_number VALUES ('012345688', '0123456779');
INSERT INTO Employee_Phone_number VALUES ('023456789', '0123456778');
INSERT INTO Employee_Phone_number VALUES ('074567890', '0123456777');
INSERT INTO Employee_Phone_number VALUES ('075678901', '0123456776');
INSERT INTO Employee_Phone_number VALUES ('076789012', '0123456775');
INSERT INTO Employee_Phone_number VALUES ('077890123', '0123456774');
INSERT INTO Employee_Phone_number VALUES ('078901734', '0123456773');
INSERT INTO Employee_Phone_number VALUES ('019012345', '0123456772');
INSERT INTO Employee_Phone_number VALUES ('070123456', '0123456771');
INSERT INTO Employee_Phone_number VALUES ('071234567', '0123456770');



INSERT INTO Address
VALUES ('079345678', '123 Nguyen Hue Street', 'District 1', 'Ho Chi Minh City');
INSERT INTO Address 
VALUES ('079456789', '456 Le Loi Street', 'District 2', 'Ho Chi Minh City');
INSERT INTO Address 
VALUES ('079567890', '789 Vo Van Tan Street', 'District 3', 'Ho Chi Minh City');
INSERT INTO Address 
VALUES ('070678901', '101 Nguyen Van Cu Street', 'District 4', 'Ho Chi Minh City');
INSERT INTO Address
VALUES ('081234567', '222 Tran Hung Dao Street', 'District 5', 'Ho Chi Minh City');
INSERT INTO Address
VALUES ('056789012', '333 Nguyen Trai Street', 'District 6', 'Ho Chi Minh City');
INSERT INTO Address
VALUES ('067890123', '444 Tran Phu Street', 'District 7', 'Ho Chi Minh City');
INSERT INTO Address
VALUES ('078901234', '555 Le Van Sy Street', 'District 8', 'Ho Chi Minh City');
INSERT INTO Address 
VALUES ('089012345', '666 Cach Mang Thang Tam Street', 'District 9', 'Ho Chi Minh City');
INSERT INTO Address 
VALUES ('090123456', '777 Pham Ngu Lao Street', 'District 10', 'Ho Chi Minh City');
INSERT INTO Address 
VALUES ('012345688', '888 Dien Bien Phu Street', 'District 11', 'Ho Chi Minh City');
INSERT INTO Address 
VALUES ('023456789', '999 Vo Thi Sau Street', 'District 12', 'Ho Chi Minh City');
INSERT INTO Address 
VALUES ('074567890', '1010 Phan Van Tri Street', 'Binh Thanh District', 'Ho Chi Minh City');
INSERT INTO Address 
VALUES ('075678901', '1111 Nguyen Huu Tho Street', 'Thu Duc District', 'Ho Chi Minh City');
INSERT INTO Address 
VALUES ('076789012', '1212 Pham Van Dong Street', 'Tan Binh District', 'Ho Chi Minh City');
INSERT INTO Address
VALUES ('077890123', '1313 Nguyen Thi Minh Khai Street', 'Go Vap District', 'Ho Chi Minh City');
INSERT INTO Address 
VALUES ('078901734', '1414 Hoang Dieu Street', 'Tan Phu District', 'Ho Chi Minh City');
INSERT INTO Address 
VALUES ('019012345', '1515 Le Quang Dinh Street', 'Binh Tan District', 'Ho Chi Minh City');
INSERT INTO Address 
VALUES ('070123456', '1616 Vo Van Kiet Street', 'Cu Chi District', 'Ho Chi Minh City');
INSERT INTO Address
VALUES ('071234567', '1717 Nguyen Van Linh Street', 'Nha Be District', 'Ho Chi Minh City');

-- Huong manager
INSERT INTO Manage (SSN_waiter, SSN_manager) 
VALUES ('081234567', '079345678'); 
INSERT INTO Manage (SSN_waiter, SSN_manager) 
VALUES ('056789012', '079345678');
INSERT INTO Manage (SSN_waiter, SSN_manager) 
VALUES ('067890123', '079345678'); 
INSERT INTO Manage (SSN_waiter, SSN_manager) 
VALUES ('078901234', '079345678'); 
-- Loc manager
INSERT INTO Manage (SSN_waiter, SSN_manager) 
VALUES ('089012345', '079456789'); 
INSERT INTO Manage (SSN_waiter, SSN_manager) 
VALUES ('090123456', '079456789'); 
INSERT INTO Manage (SSN_waiter, SSN_manager) 
VALUES ('012345688', '079456789'); 
INSERT INTO Manage (SSN_waiter, SSN_manager) 
VALUES ('023456789', '079456789'); 
-- Nga manager
INSERT INTO Manage (SSN_waiter, SSN_manager) 
VALUES ('074567890', '079567890'); 
INSERT INTO Manage (SSN_waiter, SSN_manager) 
VALUES ('075678901', '079567890'); 
INSERT INTO Manage (SSN_waiter, SSN_manager) 
VALUES ('076789012', '079567890');
INSERT INTO Manage (SSN_waiter, SSN_manager) 
VALUES ('077890123', '079567890');
-- Thinh manager
INSERT INTO Manage (SSN_waiter, SSN_manager) 
VALUES ('078901734', '070678901'); 
INSERT INTO Manage (SSN_waiter, SSN_manager) 
VALUES ('019012345', '070678901'); 
INSERT INTO Manage (SSN_waiter, SSN_manager) 
VALUES ('070123456', '070678901'); 
INSERT INTO Manage (SSN_waiter, SSN_manager) 
VALUES ('071234567', '070678901'); 

-- Insert 30 customers into the Customer table
INSERT INTO Customer
VALUES ('00001', '111111111', 'M', 'Phuc', 'Tran Pham Gia', '2002-05-15');
INSERT INTO Customer 
VALUES ('00002', '222222222', 'F', 'Khue', 'Nong Thuc', '1985-08-20');
INSERT INTO Customer 
VALUES ('00003', '333333333', 'M', 'Duy', 'Pham Dinh Bao', '1992-02-10');
INSERT INTO Customer 
VALUES ('00004', '444444444', 'F', 'Phuong', 'Cao Que', '1988-11-25');
INSERT INTO Customer 
VALUES ('00005', '555555555', 'F', 'Linh', 'Tran Gia', '1994-07-30');
INSERT INTO Customer 
VALUES ('00006', '666666666', 'M', 'Kiet', 'Truong Tuan', '1987-04-12');
INSERT INTO Customer 
VALUES ('00007', '777777777', 'M', 'Kien', 'Le Trung', '1991-09-05');
INSERT INTO Customer 
VALUES ('00008', '888888888', 'M', 'Anh', 'Chu Thai', '1986-12-18');
INSERT INTO Customer 
VALUES ('00009', '999999999', 'M', 'Khang', 'Nguyen Tien', '1993-03-22');
INSERT INTO Customer 
VALUES ('00010', '000000000', 'F', 'Chau', 'Vo Thi Ngoc', '1989-06-28');
INSERT INTO Customer 
VALUES ('00011', '111111112', 'F', 'Thu', 'Le Thi Bao', '1995-01-07');
INSERT INTO Customer 
VALUES ('00012', '222222223', 'M', 'Khang', 'Mac Ho Do', '1984-10-14');
INSERT INTO Customer 
VALUES ('00013', '333333334', 'M', 'Quan', 'Phan Hong', '1990-05-15');
INSERT INTO Customer 
VALUES ('00014', '444444445', 'F', 'Nguyen', 'Nguyen Thi Quoc', '1985-08-20');
INSERT INTO Customer 
VALUES ('00015', '555555556', 'M', 'Khuong', 'Nguyen An', '1992-02-10');
INSERT INTO Customer 
VALUES ('00016', '666666667', 'M', 'Thinh', 'Nguyen Tien', '1988-11-25');
INSERT INTO Customer 
VALUES ('00017', '777777778', 'M', 'Du', 'Nguyen Hao Hong', '1994-07-30');
INSERT INTO Customer 
VALUES ('00018', '888888889', 'F', 'Van', 'Le Thanh', '1987-04-12');
INSERT INTO Customer 
VALUES ('00019', '999999990', 'M', 'Thinh', 'Tran Ngoc', '1991-09-05');
INSERT INTO Customer 
VALUES ('00020', '000000001', 'M', 'Tri', 'Nguyen Huu', '1986-12-18');
INSERT INTO Customer 
VALUES ('00021', '111111113', 'F', 'Minh', 'Tu Khanh', '1993-03-22');
INSERT INTO Customer 
VALUES ('00022', '222222224', 'F', 'Huong', 'Nguyen Thi Minh', '1989-06-28');
INSERT INTO Customer 
VALUES ('00023', '333333335', 'M', 'Khang', 'Mac Ho Do', '1995-01-07');
INSERT INTO Customer 
VALUES ('00024', '444444446', 'M', 'Kiet', 'Tran Tuan', '1984-10-14');
INSERT INTO Customer 
VALUES ('00025', '555555557', 'M', 'Phuc', 'Dao Anh', '1990-05-15');
INSERT INTO Customer 
VALUES ('00026', '666666668', 'F', 'Ariana', 'Grande', '1985-08-20');
INSERT INTO Customer 
VALUES ('00027', '777777779', 'M', 'Loc', 'Nguyen Thien', '1992-02-10');
INSERT INTO Customer 
VALUES ('00028', '888888880', 'F', 'Nhi', 'Nguyen Duc Hanh', '1988-11-25');
INSERT INTO Customer 
VALUES ('00029', '999999991', 'M', 'Hung', 'Huynh Gia', '1994-07-30');
INSERT INTO Customer 
VALUES ('00030', '000000002', 'M', 'Gordon', 'Ramsay', '1987-04-12');




INSERT INTO Customer_Phone_number (Cus_ID, Phone_number)
VALUES 
    ('00001', '1234567890'),
    ('00002', '2345678901'),
    ('00003', '3456789012'),
    ('00004', '4567890123'),
    ('00005', '5678901234'),
    ('00006', '6789012345'),
    ('00007', '7890123456'),
    ('00008', '8901234567'),
    ('00009', '9012345678'),
    ('00010', '0123456789'),
    ('00011', '9876543210'),
    ('00012', '8765432109'),
    ('00013', '7654321098'),
    ('00014', '6543210987'),
    ('00015', '5432109876'),
    ('00016', '4321098765'),
    ('00017', '3210987654'),
    ('00018', '2109876543'),
    ('00019', '1098765432'),
    ('00020', '0987654321'),
    ('00021', '9876543210'),
    ('00022', '8765432109'),
    ('00023', '7654321098'),
    ('00024', '6543210987'),
    ('00025', '5432109876'),
    ('00026', '4321098765'),
    ('00027', '3210987654'),
    ('00028', '2109876543'),
    ('00029', '1098765432'),
    ('00030', '0987654321');



INSERT INTO area (Area_ID, area_name) VALUES
('GARD01', 'Garden Area 1'),
('GARD02', 'Garden Area 2'),
('INDO01', 'Indoor Area 1'),
('OUTD01', 'Outdoor Area 1'),
('POOL01', 'Pool Area 1'),
('POOL02', 'Pool Area 2');



INSERT INTO VIP_room (Room_code, Min_guest_number, Max_guest_number, Area_ID)
VALUES
('VIP000', 10, 14, 'GARD01'),
('VIP001', 3, 7, 'GARD01'),
('VIP002', 7, 17, 'GARD01'),
('VIP003', 6, 21, 'GARD01'),
('VIP004', 7, 10, 'GARD01'),
('VIP005', 2, 8, 'GARD01'),
('VIP006', 4, 10, 'GARD01'),
('VIP007', 4, 14, 'GARD01'),
('VIP008', 5, 13, 'GARD01'),
('VIP009', 15, 19, 'GARD01'),
('VIP010', 7, 9, 'GARD02'),
('VIP011', 5, 16, 'GARD02'),
('VIP012', 5, 10, 'GARD02'),
('VIP013', 9, 19, 'GARD02'),
('VIP014', 11, 18, 'GARD02'),
('VIP015', 5, 9, 'GARD02'),
('VIP016', 14, 21, 'GARD02'),
('VIP017', 12, 15, 'GARD02'),
('VIP018', 5, 22, 'GARD02'),
('VIP019', 13, 17, 'GARD02'),
('VIP020', 11, 14, 'INDO01'),
('VIP021', 5, 16, 'INDO01'),
('VIP022', 6, 7, 'INDO01'),
('VIP023', 9, 14, 'INDO01'),
('VIP024', 5, 11, 'INDO01'),
('VIP025', 5, 7, 'INDO01'),
('VIP026', 10, 20, 'INDO01'),
('VIP027', 15, 22, 'INDO01'),
('VIP028', 4, 11, 'INDO01'),
('VIP029', 7, 21, 'INDO01'),
('VIP030', 4, 18, 'OUTD01'),
('VIP031', 5, 8, 'OUTD01'),
('VIP032', 6, 9, 'OUTD01'),
('VIP033', 5, 13, 'OUTD01'),
('VIP034', 7, 11, 'OUTD01'),
('VIP035', 8, 14, 'OUTD01'),
('VIP036', 8, 12, 'OUTD01'),
('VIP037', 13, 13, 'OUTD01'),
('VIP038', 4, 9, 'OUTD01'),
('VIP039', 6, 11, 'OUTD01'),
('VIP040', 6, 12, 'POOL01'),
('VIP041', 12, 17, 'POOL01'),
('VIP042', 3, 9, 'POOL01'),
('VIP043', 4, 19, 'POOL01'),
('VIP044', 11, 14, 'POOL01'),
('VIP045', 12, 22, 'POOL01'),
('VIP046', 6, 14, 'POOL01'),
('VIP047', 5, 21, 'POOL01'),
('VIP048', 5, 11, 'POOL01'),
('VIP049', 4, 12, 'POOL01'),
('VIP050', 6, 18, 'POOL02'),
('VIP051', 7, 21, 'POOL02'),
('VIP052', 12, 13, 'POOL02'),
('VIP053', 9, 15, 'POOL02'),
('VIP054', 9, 11, 'POOL02'),
('VIP055', 8, 14, 'POOL02'),
('VIP056', 15, 17, 'POOL02'),
('VIP057', 3, 12, 'POOL02'),
('VIP058', 5, 16, 'POOL02'),
('VIP059', 8, 15, 'POOL02');




INSERT INTO Table_book (Order_num, Area_ID, No_seat) VALUES
(0000, 'GARD01', 10),
(0001, 'GARD01', 3),
(0002, 'GARD01', 7),
(0003, 'GARD01', 6),
(0004, 'GARD01', 7),
(0005, 'GARD01', 8),
(0006, 'GARD01', 4),
(0007, 'GARD01', 4),
(0008, 'GARD01', 5),
(0009, 'GARD01', 15),
(0010, 'GARD01', 7),
(0011, 'GARD01', 5),
(0012, 'GARD01', 5),
(0013, 'GARD01', 9),
(0014, 'GARD01', 11),
(0015, 'GARD01', 5),
(0016, 'GARD01', 14),
(0017, 'GARD01', 12),
(0018, 'GARD01', 5),
(0019, 'GARD01', 13),
(0020, 'GARD01', 11),
(0000, 'GARD02', 5),
(0001, 'GARD02', 6),
(0002, 'GARD02', 9),
(0003, 'GARD02', 11),
(0004, 'GARD02', 5),
(0005, 'GARD02', 10),
(0006, 'GARD02', 15),
(0007, 'GARD02', 4),
(0008, 'GARD02', 7),
(0009, 'GARD02', 4),
(0010, 'GARD02', 5),
(0011, 'GARD02', 6),
(0012, 'GARD02', 5),
(0013, 'GARD02', 7),
(0014, 'GARD02', 8),
(0015, 'GARD02', 8),
(0016, 'GARD02', 13),
(0017, 'GARD02', 4),
(0018, 'GARD02', 6),
(0019, 'GARD02', 6),
(0020, 'GARD02', 12),
(0000, 'INDO01', 3),
(0001, 'INDO01', 4),
(0002, 'INDO01', 11),
(0003, 'INDO01', 12),
(0004, 'INDO01', 6),
(0005, 'INDO01', 5),
(0006, 'INDO01', 5),
(0007, 'INDO01', 4),
(0008, 'INDO01', 6),
(0009, 'INDO01', 7),
(0010, 'INDO01', 12),
(0011, 'INDO01', 9),
(0012, 'INDO01', 9),
(0013, 'INDO01', 8),
(0014, 'INDO01', 15),
(0015, 'INDO01', 3),
(0016, 'INDO01', 5),
(0017, 'INDO01', 15),
(0018, 'INDO01', 4),
(0019, 'INDO01', 14),
(0020, 'INDO01', 8),
(0000, 'OUTD01', 3),
(0001, 'OUTD01', 14),
(0002, 'OUTD01', 8),
(0003, 'OUTD01', 7),
(0004, 'OUTD01', 4),
(0005, 'OUTD01', 14),
(0006, 'OUTD01', 10),
(0007, 'OUTD01', 10),
(0008, 'OUTD01', 6),
(0009, 'OUTD01', 8),
(0010, 'OUTD01', 7),
(0011, 'OUTD01', 11),
(0012, 'OUTD01', 5),
(0013, 'OUTD01', 13),
(0014, 'OUTD01', 6),
(0015, 'OUTD01', 3),
(0016, 'OUTD01', 15),
(0017, 'OUTD01', 13),
(0018, 'OUTD01', 12),
(0019, 'OUTD01', 6),
(0020, 'OUTD01', 4),
(0000, 'POOL01', 5),
(0001, 'POOL01', 4),
(0002, 'POOL01', 3),
(0003, 'POOL01', 4),
(0004, 'POOL01', 6),
(0005, 'POOL01', 6),
(0006, 'POOL01', 4),
(0007, 'POOL01', 11),
(0008, 'POOL01', 6),
(0009, 'POOL01', 3),
(0010, 'POOL01', 10),
(0011, 'POOL01', 11),
(0012, 'POOL01', 6),
(0013, 'POOL01', 4),
(0014, 'POOL01', 3),
(0015, 'POOL01', 16),
(0016, 'POOL01', 17),
(0017, 'POOL01', 8),
(0018, 'POOL01', 8),
(0019, 'POOL01', 7),
(0020, 'POOL01', 6),
(0000, 'POOL02', 11),
(0001, 'POOL02', 12),
(0002, 'POOL02', 5),
(0003, 'POOL02', 3),
(0004, 'POOL02', 6),
(0005, 'POOL02', 10),
(0006, 'POOL02', 6),
(0007, 'POOL02', 3),
(0008, 'POOL02', 6),
(0009, 'POOL02', 3),
(0010, 'POOL02', 4),
(0011, 'POOL02', 17),
(0012, 'POOL02', 7),
(0013, 'POOL02', 5),
(0014, 'POOL02', 15),
(0015, 'POOL02', 11),
(0016, 'POOL02', 13),
(0017, 'POOL02', 11),
(0018, 'POOL02', 3),
(0019, 'POOL02', 4),
(0020, 'POOL02', 5);


INSERT INTO Table_book (Order_num, Area_ID, No_seat) VALUES
(0021, 'GARD01', 10);


-- Sample data for receipt table
INSERT INTO receipt (Receipt_ID, Date_receipt, Number_of_customer, receipt_status, Ssn, Cus_ID)
VALUES
('R00000001', '2024-04-01 10:00:00', 2, 'E', '079345', '000000001'),
('R00000002', '2024-04-01 11:30:00', 1, 'E', 100, '079456789', '000000002'),
('R00000003', '2024-03-01 12:45:00', 3, 'E', 250, '079567890', '000000003'),
('R00000004', '2024-02-01 14:00:00', 2, 'E', 200, '070678901', '000000004'),
('R00000005', '2024-01-01 15:30:00', 1, 'E', 90, '081234567', '000000005'),
('R00000006', '2024-04-01 17:00:00', 2, 'E', 170, '056789012', '000000006'),
('R00000007', '2024-02-01 18:30:00', 1, 'E', 75, '067890123', '000000007'),
('R00000008', '2024-03-01 20:00:00', 3, 'E', 220, '078901234', '000000008'),
('R00000009', '2024-04-01 21:30:00', 1, 'E', 60, '089012345', '000000009'),
('R00000010', '2024-04-02 10:00:00', 2, 'E', 180, '090123456', '000000010'),
('R00000011', '2024-03-02 11:30:00', 1, 'E', 120, '012345688', '000000011'),
('R00000012', '2024-02-02 12:45:00', 2, 'E', 160, '023456789', '000000012'),
('R00000013', '2024-01-02 14:00:00', 1, 'E', 130, '074567890', '000000013'),
('R00000014', '2024-04-02 15:30:00', 2, 'E', 190, '075678901', '000000014'),
('R00000015', '2024-02-02 17:00:00', 1, 'E', 95, '076789012', '000000015'),
('R00000016', '2024-01-02 18:30:00', 3, 'E', 230, '077890123', '000000016'),
('R00000017', '2024-01-02 20:00:00', 1, 'E', 85, '078901734', '000000017'),
('R00000018', '2024-02-02 21:30:00', 2, 'E', 170, '019012345', '000000018');



INSERT INTO product (product_id, product_name, image, price)
VALUES
    ('SB0001', 'Mala Spicy', <image_data>, 70000),
    ('SB0002', 'Tomato Hot Pot', <image_data>, 50000),
    ('SB0003', 'Thai Soup Base', <image_data>, 50000),
    ('SB0004', 'Pig Bone Pot', <image_data>, 60000),
    ('SB0005', 'Mushroom', <image_data>, 60000),
    ('SB0006', 'Herbalist', <image_data>, 40000),
    ('SB0007', 'Water Soup Base', <image_data>, 0),
    ('FD0001', 'Short Rib Boneless', <image_data>, 400000),
    ('FD0002', 'Beef Belly', <image_data>, 200000),
    ('FD0003', 'HCMUT-flavoured beef', <image_data>, 150000),
    ('FD0004', 'Shrimp', <image_data>, 180000),
    ('FD0005', 'Pork Collar Butt', <image_data>, 120000),
    ('FD0006', 'Squid', <image_data>, 180000),
    ('FD0007', 'Cheese Tofu', <image_data>, 100000),
    ('FD0008', 'Crab Sticks', <image_data>, 50000),
    ('FD0009', 'Basha Fish Maw', <image_data>, 70000),
    ('FD0010', 'Baby Octopus', <image_data>, 120000),
    ('FD0011', 'Scallop', <image_data>, 70000),
    ('FD0012', 'Shrimp', <image_data>, 180000),
    ('FD0013', 'Instant Noodles', <image_data>, 5000),
    ('FD0014', 'Spinach', <image_data>, 40000),
    ('FD0015', 'Golden Mushroom', <image_data>, 60000),
    ('FD0016', 'Seasoning', <image_data>, 40000),
    ('FD0017', 'Auto refill water (plain, cola, boba)', <image_data>, 20000),
    ('FD0018', 'Tropical Raspberry Tea', <image_data>, 60000),
    ('FD0019', 'Toscana Bianco Vergine White Wine', <image_data>, 720000),
    ('CB0001', 'Combo A', <image_data>, 60),
    ('CB0002', 'Combo B', <image_data>, 65),
    ('CB0003', 'Combo C', <image_data>, 70),
    ('CB0004', 'Combo Special', <image_data>, 75);

INSERT INTO food_and_drinks (product_id, Acohol_contain)
VALUES
    ('FD0001'),
    ('FD0002'),
    ('FD0003'),
    ('FD0004'),
    ('FD0005'),
    ('FD0006'),
    ('FD0007'),
    ('FD0008'),
    ('FD0009'),
    ('FD0010'),
    ('FD0011'),
    ('FD0012'),
    ('FD0013'),
    ('FD0014'),
    ('FD0015'),
    ('FD0016'),
    ('FD0017'),
    ('FD0018'),
    ('FD0019');


INSERT INTO soup_base (product_id, spicy_level)
VALUES
    ('SB0001', 2),
    ('SB0002', 0),
    ('SB0003', 1),
    ('SB0004', 0),
    ('SB0005', 0),
    ('SB0006', 0),
    ('SB0007', 0);


INSERT INTO flavor (product_id, flavor)
VALUES
    ('SB0001', 'Mala'),
    ('SB0001', 'Spicy'),
    ('SB0002', 'Tomato'),
	('SB0002', 'Light sour'),
    ('SB0003', 'Thai'),
    ('SB0003', 'Sour'),
    ('SB0003', 'Spicy'),
    ('SB0004', 'Savory'),
    ('SB0004', 'Fatty'),
    ('SB0005', 'Mushroom'),
    ('SB0005', 'Elegant'),
    ('SB0006', 'Herbalist'),
    ('SB0007', 'No flavor');

-- Insert data into Combo table
INSERT INTO Combo (product_id, Number_guest_recommend, time_start, time_end, ratio)
VALUES
    ('CB0001', 4,18.00, 22.00, 30),
    ('CB0002', 6,11.00, 13.00, 35),
    ('CB0003', 8,18.00,20.30, 40),
    ('CB0004', 10,16.00,23.00, 45);

INSERT INTO include_room (receipt_id, room_code, product_id, quantity) 
VALUES
    ('R00000001', 'VIP001', 'SB0001', 1),
    ('R00000001', 'VIP001', 'SB0002', 1),
    ('R00000001', 'VIP001', 'SB0003', 2),
    ('R00000001', 'VIP001', 'FD0001', 2),
    ('R00000001', 'VIP001', 'FD0002', 6),
    ('R00000001', 'VIP002', 'SB0001', 2),
    ('R00000001', 'VIP002', 'SB0003', 2),
    ('R00000001', 'VIP002', 'FD0011', 2),
    ('R00000001', 'VIP002', 'FD0012', 6),
    ('R00000002', 'VIP002', 'SB0004', 2),
    ('R00000002', 'VIP002', 'SB0005', 2),
    ('R00000002', 'VIP002', 'FD0006', 2),
    ('R00000002', 'VIP002', 'FD0003', 3),
    ('R00000002', 'VIP002', 'FD0004', 1),
    ('R00000003', 'VIP012', 'SB0001', 2),
    ('R00000003', 'VIP012', 'SB0002', 2),
    ('R00000003', 'VIP012', 'FD0005', 1),
    ('R00000003', 'VIP012', 'FD0006', 9),
    ('R00000003', 'VIP012', 'FD0007', 6),
    ('R00000003', 'VIP012', 'FD0008', 4),
    ('R00000003', 'VIP012', 'FD0009', 3),
    ('R00000004', 'VIP010', 'SB0002', 2),
    ('R00000004', 'VIP010', 'SB0003', 2),
    ('R00000004', 'VIP010', 'FD0010', 8),
    ('R00000004', 'VIP010', 'FD0011', 2),
    ('R00000004', 'VIP010', 'FD0012', 3),
    ('R00000004', 'VIP010', 'FD0013', 2),
    ('R00000004', 'VIP010', 'FD0014', 1),
    ('R00000005', 'VIP021', 'SB0001', 2),
    ('R00000005', 'VIP021', 'SB0002', 2),
    ('R00000005', 'VIP021', 'FD0015', 1),
    ('R00000005', 'VIP021', 'FD0001', 3),
    ('R00000005', 'VIP021', 'FD0010', 1),
    ('R00000005', 'VIP021', 'FD0006', 2),
    ('R00000005', 'VIP021', 'FD0005', 3),
    ('R00000006', 'VIP012', 'SB0001', 2),
    ('R00000006', 'VIP012', 'SB0004', 2),
    ('R00000006', 'VIP012', 'FD0001', 4),
    ('R00000006', 'VIP012', 'FD0002', 8),
    ('R00000006', 'VIP012', 'CB0003', 2),
    ('R00000006', 'VIP012', 'FD0004', 5);

insert into include_table (receipt_id, area_id, order_num, product_id, quantity)
values
('R00000006','GARD01',0001, 'SB0002', 4),
('R00000006','GARD01',0001, 'FD0002', 4),
('R00000006','GARD01',0001, 'FD0008', 1),
('R00000006','GARD01',0001, 'FD0004', 3),
('R00000006','GARD01',0001, 'CB0002', 2),
('R00000006','GARD01',0001, 'FD0005', 2),

('R00000007','GARD01',0002, 'SB0001', 4),
('R00000007','GARD01',0002, 'FD0001', 4),
('R00000007','GARD01',0002, 'FD0002', 1),
('R00000007','GARD01',0002, 'FD0007', 3),
('R00000007','GARD01',0002, 'CB0001', 2),
('R00000007','GARD01',0002, 'FD0003', 2),

('R00000008','INDO01',0002, 'SB0003', 4),
('R00000008','INDO01',0002, 'FD0002', 4),
('R00000008','INDO01',0002, 'FD0006', 1),
('R00000008','INDO01',0002, 'FD0004', 3),
('R00000008','INDO01',0002, 'CB0003', 2),
('R00000008','INDO01',0002, 'FD0005', 2),

('R00000009','POOL01',0002, 'SB0002', 4),
('R00000009','POOL01',0002, 'FD0012', 4),
('R00000009','POOL01',0002, 'FD0008', 1),
('R00000009','POOL01',0002, 'FD0004', 3),
('R00000009','POOL01',0002, 'CB0002', 2),
('R00000009','POOL01',0002, 'FD0015', 2),

('R00000010','OUTD01',0002, 'SB0003', 4),
('R00000010','OUTD01',0002, 'FD0006', 4),
('R00000010','OUTD01',0002, 'FD0008', 1),
('R00000010','OUTD01',0002, 'FD0014', 3),
('R00000010','OUTD01',0002, 'CB0004', 2),
('R00000010','OUTD01',0002, 'FD0010', 2),

('R00000011','GARD01',0002, 'SB0001', 4),
('R00000011','GARD01',0002, 'FD0002', 4),
('R00000011','GARD01',0002, 'FD0008', 1),
('R00000011','GARD01',0002, 'FD0001', 3),
('R00000011','GARD01',0002, 'CB0001', 2),
('R00000011','GARD01',0002, 'FD0003', 2);

insert into review (rv_comment, score, rv_date)
values
('ngon', 5, curdate()),
('kha ngon', 4, curdate()),
('tam duoc', 3, curdate()),
('hop khau vi', 4, curdate()),
('khong hop khau vi', 1, curdate()),
('tam on', 3, curdate()),
('hoi te', 2, curdate()),
('ngon', 5, curdate()),
('kha ngon', 4, curdate()),
('tam duoc', 3, curdate()),
('hop khau vi', 4, curdate()),
('khong hop khau vi', 1, curdate()),
('tam on', 3, curdate()),
('hoi te', 2, curdate()),

('ngon', 5, curdate()),
('kha ngon', 4, curdate()),
('tam duoc', 3, curdate()),
('hop khau vi', 4, curdate()),
('khong hop khau vi', 1, curdate()),
('tam on', 3, curdate()),
('hoi te', 2, curdate()),

('ngon', 5, curdate()),
('kha ngon', 4, curdate()),
('tam duoc', 3, curdate()),
('hop khau vi', 4, curdate()),
('khong hop khau vi', 1, curdate()),
('tam on', 3, curdate()),
('hoi te', 2, curdate()),

('ngon', 5, curdate()),
('kha ngon', 4, curdate()),
('tam duoc', 3, curdate()),
('hop khau vi', 4, curdate()),
('khong hop khau vi', 1, curdate()),
('tam on', 3, curdate()),
('hoi te', 2, curdate()),

('ngon', 5, curdate()),
('kha ngon', 4, curdate()),
('tam duoc', 3, curdate()),
('hop khau vi', 4, curdate()),
('khong hop khau vi', 1, curdate()),
('tam on', 3, curdate()),
('hoi te', 2, curdate()),

('ngon', 5, curdate()),
('kha ngon', 4, curdate()),
('tam duoc', 3, curdate()),
('hop khau vi', 4, curdate()),
('khong hop khau vi', 1, curdate()),
('tam on', 3, curdate()),
('hoi te', 2, curdate()),

('ngon', 5, curdate()),
('kha ngon', 4, curdate()),
('tam duoc', 3, curdate()),
('hop khau vi', 4, curdate()),
('khong hop khau vi', 1, curdate()),
('tam on', 3, curdate()),
('hoi te', 2, curdate()),

('ngon', 5, curdate()),
('kha ngon', 4, curdate()),
('tam duoc', 3, curdate()),
('hop khau vi', 4, curdate()),
('khong hop khau vi', 1, curdate()),
('tam on', 3, curdate()),
('hoi te', 2, curdate()),

('ngon', 5, curdate()),
('kha ngon', 4, curdate()),
('tam duoc', 3, curdate()),
('hop khau vi', 4, curdate()),
('khong hop khau vi', 1, curdate()),
('tam on', 3, curdate()),
('hoi te', 2, curdate()),

('ngon', 5, curdate()),
('kha ngon', 4, curdate()),
('tam duoc', 3, curdate()),
('hop khau vi', 4, curdate()),
('khong hop khau vi', 1, curdate()),
('tam on', 3, curdate()),
('hoi te', 2, curdate());

insert into evaluate(receipt_id, product_id, review_id)
values
('R00000001', 'SB0001', 1),
('R00000001', 'SB0002', 2),
('R00000001', 'SB0003', 3),
('R00000001', 'FD0001', 4),
('R00000001', 'FD0002', 5),
('R00000001', 'SB0001', 6),
('R00000001', 'SB0003', 7),
('R00000001', 'FD0011', 8),
('R00000001', 'FD0012', 9),
('R00000002', 'SB0004', 10),
('R00000002', 'SB0005', 11),
('R00000002', 'FD0006', 12),
('R00000002', 'FD0003', 13),
('R00000002', 'FD0004', 14),
('R00000003', 'SB0001', 15),
('R00000003', 'SB0002', 16),
('R00000003', 'FD0005', 17),
('R00000003', 'FD0006', 18),
('R00000003', 'FD0007', 19),
('R00000003', 'FD0008', 20),
('R00000003', 'FD0009', 21),
('R00000004', 'SB0002', 22),
('R00000004', 'SB0003', 23),
('R00000004', 'FD0010', 24),
('R00000004', 'FD0011', 25),
('R00000004', 'FD0012', 26),
('R00000004', 'FD0013', 27),
('R00000004', 'FD0014', 28),
('R00000005', 'SB0001', 29),
('R00000005', 'SB0002', 30),
('R00000005', 'FD0015', 31),
('R00000005', 'FD0001', 32),
('R00000005', 'FD0010', 33),
('R00000005', 'FD0006', 34),
('R00000005', 'FD0005', 35),
('R00000006', 'SB0001', 36),
('R00000006', 'SB0004', 37),
('R00000006', 'FD0001', 38),
('R00000006', 'FD0002', 39),
('R00000006', 'CB0003', 40),
('R00000006', 'FD0004', 41),
('R00000006', 'SB0002', 42),
('R00000006', 'FD0002', 43),
('R00000006', 'FD0008', 44),
('R00000006', 'FD0004', 45),
('R00000006', 'CB0002', 46),
('R00000006', 'FD0005', 47),
('R00000007', 'SB0001', 48),
('R00000007', 'FD0001', 49),
('R00000007', 'FD0002', 50),
('R00000007', 'FD0007', 51),
('R00000007', 'CB0001', 52),
('R00000007', 'FD0003', 53),
('R00000008', 'SB0003', 54),
('R00000008', 'FD0002', 55),
('R00000008', 'FD0006', 56),
('R00000008', 'FD0004', 57),
('R00000008', 'CB0003', 58),
('R00000008', 'FD0005', 59),
('R00000009', 'SB0002', 60),
('R00000009', 'FD0012', 61),
('R00000009', 'FD0008', 62),
('R00000009', 'FD0004', 63),
('R00000009', 'CB0002', 64),
('R00000009', 'FD0015', 65),
('R00000010', 'SB0003', 66),
('R00000010', 'FD0006', 67),
('R00000010', 'FD0008', 68),
('R00000010', 'FD0014', 69),
('R00000010', 'CB0004', 70),
('R00000010', 'FD0010', 71),
('R00000011', 'SB0001', 72),
('R00000011', 'FD0002', 73),
('R00000011', 'FD0008', 74),
('R00000011', 'FD0001', 75),
('R00000011', 'CB0001', 76),
('R00000011', 'FD0003', 77);
